Team name,Season,Matches played,Wins,Losses,Goals,Goals per match,Shots,Shots on target,Shooting accuracy %,Penalties scored,Big Chances Created,Hit woodwork,Passes,Passes per match,Pass accuracy %,Crosses,Cross accuracy %,Clean sheets,Goals Conceded,Goals conceded per match,Saves,Tackles,Tackle success %,Blocked shots,Interceptions,Clearances,Headed Clearance,Aerial Battles/Duels Won,Errors leading to goal,Own goals,Yellow cards,Red cards,Fouls,Offsides
Liverpool,2023/24,26,18,2,63,2.42,501,183,37%,4,72,19,"14,923",573.96,85%,508,27%,8,25,0.96,71,446,62%,141,199,422,202,"1,794",5,1,47,5,242,60
Liverpool,2022/23,38,19,9,75,1.97,605,212,35%,2,103,16,"22,401",589.50,84%,799,26%,14,49,1.29,114,590,63%,165,333,540,269,"2,196",7,2,57,1,235,84
Liverpool,2021/22,38,28,2,94,2.47,729,256,35%,7,97,10,"23,588",620.74,85%,897,25%,21,26,0.68,82,554,58%,214,341,499,230,"2,329",2,1,50,1,211,63
Liverpool,2020/21,38,20,9,68,1.79,608,214,35%,6,82,12,"24,292",639.26,86%,862,20%,12,42,1.11,100,526,58%,173,347,544,248,"2,328",11,0,40,0,221,65
Liverpool,2019/20,38,32,3,85,2.24,591,231,39%,5,88,17,"23,872",628.21,84%,896,20%,15,33,0.87,76,550,59%,164,352,587,259,"2,553",5,1,38,1,181,53
Liverpool,2018/19,39,30,1,89,2.28,575,226,39%,7,78,19,"23,638",606.10,84%,721,24%,21,22,0.56,76,610,61%,141,314,639,317,"2,518",4,0,38,2,185,77
Liverpool,2017/18,38,21,5,84,2.21,638,233,37%,2,78,16,"22,962",604.26,84%,764,22%,17,38,1.00,67,637,71%,176,379,736,362,"2,565",4,0,44,1,208,70
Liverpool,2016/17,38,22,6,78,2.05,640,236,37%,7,50,17,"22,283",586.39,82%,812,22%,12,42,1.11,73,718,71%,191,410,883,443,"2,812",10,0,54,0,220,77
Liverpool,2015/16,38,16,10,63,1.66,629,202,32%,2,56,16,"19,733",519.29,80%,780,23%,11,50,1.32,81,871,78%,206,549,871,342,"2,891",11,1,61,3,240,91
Liverpool,2014/15,38,18,12,52,1.37,590,192,33%,5,38,12,"19,374",509.84,83%,638,23%,14,48,1.26,93,798,77%,165,442,"1,175",628,"2,817",9,2,66,3,203,75
Liverpool,2013/14,38,26,6,101,2.66,651,258,40%,10,88,27,"19,612",516.11,84%,643,21%,10,50,1.32,107,848,76%,130,465,"1,339",745,"2,858",14,6,54,1,142,78
Liverpool,2012/13,38,16,9,71,1.87,739,232,31%,5,77,19,"19,831",521.87,84%,794,19%,16,43,1.13,9,795,78%,211,526,914,231,"2,495",10,1,54,2,0,110
Liverpool,2011/12,38,14,14,47,1.24,667,207,31%,1,60,33,"18,797",494.66,81%,"1,103",22%,12,40,1.05,0,728,74%,152,505,720,213,"2,378",9,3,53,5,0,128
Liverpool,2010/11,38,17,14,59,1.55,582,205,35%,6,51,12,"16,734",440.37,77%,824,20%,14,44,1.16,0,908,69%,148,592,"1,073",287,"2,692",4,3,63,2,0,87
Liverpool,2009/10,38,18,11,61,1.61,642,189,29%,3,0,20,"18,590",489.21,79%,"1,017",20%,17,35,0.92,4,958,74%,184,763,"1,094",311,"2,744",5,2,55,5,0,62
Liverpool,2008/09,38,25,2,77,2.03,736,224,30%,5,0,26,"19,508",513.37,81%,"1,021",24%,20,27,0.71,5,927,75%,164,657,"1,279",378,"2,541",5,3,50,0,0,98
Liverpool,2007/08,38,21,4,67,1.76,686,214,31%,5,0,13,"16,360",430.53,77%,932,26%,18,28,0.74,0,"1,089",74%,151,614,"1,952",572,"2,718",2,2,45,1,0,93
Liverpool,2006/07,38,20,10,57,1.50,668,214,32%,6,0,15,"17,162",451.63,76%,"1,107",25%,20,27,0.71,3,969,79%,128,246,"1,115",0,"2,404",0,0,44,0,0,120
Liverpool,2005/06,38,25,6,57,1.50,0,0,0%,0,0,0,0,0.00,0%,0,0%,22,25,0.66,0,0,0%,0,0,0,0,0,0,2,47,5,0,0
Liverpool,2004/05,38,17,14,52,1.37,0,0,0%,0,0,0,0,0.00,0%,0,0%,7,41,1.08,0,0,0%,0,0,0,0,0,0,0,43,2,0,0
Liverpool,2003/04,38,16,10,55,1.45,0,0,0%,0,0,0,0,0.00,0%,0,0%,15,37,0.97,0,0,0%,0,0,0,0,0,0,1,49,1,0,0
Liverpool,2002/03,38,18,10,61,1.61,0,0,0%,0,0,0,0,0.00,0%,0,0%,14,41,1.08,0,0,0%,0,0,0,0,0,0,0,46,3,0,0
Liverpool,2001/02,38,24,6,67,1.76,0,0,0%,0,0,0,0,0.00,0%,0,0%,18,30,0.79,0,0,0%,0,0,0,0,0,0,1,41,3,0,0
Liverpool,2000/01,38,20,9,71,1.87,10,5,50%,0,1,1,341,8.97,62%,11,9%,14,39,1.03,4,11,45%,1,8,32,9,116,0,1,49,5,2,1
Liverpool,1999/00,38,19,9,51,1.34,0,0,0%,0,0,0,0,0.00,0%,0,0%,15,30,0.79,0,0,0%,0,0,0,0,0,0,3,60,4,0,0
Liverpool,1998/99,38,15,14,68,1.79,0,0,0%,0,0,0,0,0.00,0%,0,0%,8,49,1.29,0,0,0%,0,0,0,0,0,0,2,65,3,0,0
Liverpool,1997/98,38,18,9,68,1.79,0,0,0%,0,0,0,0,0.00,0%,0,0%,13,42,1.11,0,0,0%,0,0,0,0,0,0,1,54,2,0,0
Liverpool,1996/97,38,19,8,62,1.63,0,0,0%,0,0,0,0,0.00,0%,0,0%,12,37,0.97,0,0,0%,0,0,0,0,0,0,0,40,1,0,0
Liverpool,1995/96,38,20,7,70,1.84,0,0,0%,0,0,0,0,0.00,0%,0,0%,16,34,0.89,0,0,0%,0,0,0,0,0,0,1,36,0,0,0
Liverpool,1994/95,42,21,10,65,1.55,0,0,0%,0,0,0,0,0.00,0%,0,0%,17,37,0.88,0,0,0%,0,0,0,0,0,0,1,35,1,0,0
Liverpool,1993/94,42,17,16,59,1.40,0,0,0%,0,0,0,0,0.00,0%,0,0%,9,55,1.31,0,0,0%,0,0,0,0,0,0,2,29,1,0,0
Liverpool,1992/93,42,16,15,62,1.48,0,0,0%,0,0,0,0,0.00,0%,0,0%,12,55,1.31,0,0,0%,0,0,0,0,0,0,1,26,2,0,0
Manchester City,2023/24,25,17,3,58,2.32,452,176,39%,4,63,8,"17,110",684.40,90%,478,22%,7,26,1.04,48,327,58%,142,149,309,154,"1,290",2,1,41,2,133,28
Manchester City,2022/23,38,28,5,94,2.47,600,219,37%,9,103,19,"25,072",659.79,89%,742,25%,13,33,0.87,60,471,58%,166,223,391,209,"2,070",4,1,44,1,178,51
Manchester City,2021/22,38,29,3,99,2.61,713,254,36%,7,87,24,"26,132",687.68,90%,869,19%,21,26,0.68,62,498,57%,211,279,368,190,"2,220",1,0,42,2,188,66
Manchester City,2020/21,38,27,6,83,2.18,599,218,36%,5,79,20,"25,651",675.03,89%,632,19%,19,32,0.84,69,498,54%,173,319,429,231,"2,319",4,1,46,2,206,57
Manchester City,2019/20,38,26,9,102,2.68,745,266,36%,6,108,27,"26,329",692.87,89%,914,22%,17,35,0.92,76,514,59%,222,352,476,241,"2,328",8,1,60,4,202,69
Manchester City,2018/19,38,32,4,95,2.50,683,260,38%,3,101,21,"26,581",699.50,89%,783,20%,20,23,0.61,58,518,63%,194,362,543,295,"2,344",2,0,44,1,193,98
Manchester City,2017/18,38,32,2,106,2.79,665,265,40%,6,95,23,"28,241",743.18,89%,691,21%,18,27,0.71,62,563,68%,153,346,588,308,"2,460",6,2,59,2,209,67
Manchester City,2016/17,38,23,6,80,2.11,633,216,34%,7,76,20,"22,705",597.50,86%,802,24%,12,39,1.03,64,642,71%,167,498,904,531,"2,727",5,1,71,4,228,89
Manchester City,2015/16,38,19,10,71,1.87,615,210,34%,5,55,15,"20,488",539.16,83%,866,24%,16,41,1.08,86,729,73%,175,630,940,466,"2,751",5,1,61,0,231,63
Manchester City,2014/15,38,24,7,83,2.18,670,229,34%,7,66,18,"22,107",581.76,85%,795,23%,14,38,1.00,93,751,75%,191,569,872,498,"2,681",4,3,77,2,265,78
Manchester City,2013/14,38,27,6,102,2.68,673,238,35%,6,86,19,"20,774",546.68,86%,892,25%,16,37,0.97,88,756,77%,165,496,938,530,"2,562",11,2,72,1,150,59
Manchester City,2012/13,38,23,6,66,1.74,660,231,35%,4,84,16,"20,074",528.26,85%,860,24%,18,34,0.89,6,683,80%,175,492,"1,068",285,"2,533",8,2,62,3,0,75
Manchester City,2011/12,38,28,5,93,2.45,738,250,34%,7,86,21,"20,863",549.03,86%,843,22%,17,29,0.76,2,694,74%,212,631,930,267,"2,080",4,2,51,5,0,85
Manchester City,2010/11,38,21,9,60,1.58,546,177,32%,8,52,16,"17,768",467.58,82%,762,20%,18,33,0.87,2,826,75%,164,629,"1,206",336,"2,519",2,0,71,5,0,103
Manchester City,2009/10,38,18,7,73,1.92,526,195,37%,5,0,9,"16,329",429.71,77%,809,19%,11,45,1.18,1,802,76%,128,805,"1,269",356,"2,544",2,1,49,2,0,120
Manchester City,2008/09,38,15,18,58,1.53,572,201,35%,6,0,11,"15,983",420.61,78%,690,23%,10,50,1.32,11,939,73%,133,740,"1,496",438,"2,552",5,2,49,4,0,79
Manchester City,2007/08,38,15,13,45,1.18,423,143,34%,2,0,5,"15,149",398.66,76%,695,21%,11,53,1.39,4,916,78%,100,482,"1,852",422,"2,203",4,2,50,4,0,103
Manchester City,2006/07,38,11,18,29,0.76,454,147,32%,2,0,5,"12,765",335.92,67%,811,25%,14,44,1.16,0,986,78%,92,234,"1,213",0,"2,521",0,2,59,4,0,142
Manchester City,2005/06,38,13,21,43,1.13,0,0,0%,0,0,0,0,0.00,0%,0,0%,6,48,1.26,0,0,0%,0,0,0,0,0,0,0,64,4,0,0
Manchester City,2004/05,38,13,12,47,1.24,0,0,0%,0,0,0,0,0.00,0%,0,0%,11,39,1.03,0,0,0%,0,0,0,0,0,0,2,43,3,0,0
Manchester City,2003/04,38,9,15,55,1.45,0,0,0%,0,0,0,0,0.00,0%,0,0%,7,54,1.42,0,0,0%,0,0,0,0,0,0,3,51,3,0,0
Manchester City,2002/03,38,15,17,47,1.24,0,0,0%,0,0,0,0,0.00,0%,0,0%,10,54,1.42,0,0,0%,0,0,0,0,0,0,0,52,6,0,0
Manchester City,2000/01,38,8,20,41,1.08,0,0,0%,0,0,0,0,0.00,0%,0,0%,7,65,1.71,0,0,0%,0,0,0,0,0,0,1,69,3,0,0
Manchester City,1995/96,38,9,18,33,0.87,0,0,0%,0,0,0,0,0.00,0%,0,0%,8,58,1.53,0,0,0%,0,0,0,0,0,0,1,67,5,0,0
Manchester City,1994/95,42,12,17,53,1.26,0,0,0%,0,0,0,0,0.00,0%,0,0%,10,64,1.52,0,0,0%,0,0,0,0,0,0,6,62,4,0,0
Manchester City,1993/94,42,9,15,38,0.90,0,0,0%,0,0,0,0,0.00,0%,0,0%,12,49,1.17,0,0,0%,0,0,0,0,0,0,0,35,0,0,0
Manchester City,1992/93,42,15,15,56,1.33,0,0,0%,0,0,0,0,0.00,0%,0,0%,11,51,1.21,0,0,0%,0,0,0,0,0,0,4,43,1,0,0
Arsenal,2023/24,25,17,4,58,2.32,421,146,35%,8,54,9,"14,340",573.60,87%,483,25%,10,22,0.88,38,411,56%,136,188,312,163,"1,537",5,1,38,2,160,54
Arsenal,2022/23,38,26,6,88,2.32,593,204,34%,3,73,15,"20,450",538.16,85%,674,20%,14,43,1.13,95,568,60%,184,237,567,283,"2,336",8,1,52,0,195,56
Arsenal,2021/22,38,22,13,61,1.61,589,198,34%,5,39,18,"18,290",481.32,83%,633,24%,13,48,1.26,100,540,58%,171,296,636,315,"2,148",5,1,60,4,194,66
Arsenal,2020/21,38,18,13,55,1.45,459,152,33%,6,45,19,"20,126",529.63,85%,751,21%,12,39,1.03,96,456,55%,125,351,615,328,"2,171",5,4,47,5,184,61
Arsenal,2019/20,38,14,10,56,1.47,406,151,37%,3,48,15,"18,649",490.76,84%,699,20%,10,48,1.26,147,584,58%,99,351,703,388,"2,447",5,0,86,5,251,73
Arsenal,2018/19,38,21,10,73,1.92,467,170,36%,4,72,9,"20,805",547.50,83%,605,21%,8,51,1.34,133,609,60%,128,412,762,404,"2,489",13,2,72,2,227,89
Arsenal,2017/18,38,19,13,74,1.95,594,234,39%,4,81,17,"23,524",619.05,84%,572,21%,13,51,1.34,100,623,68%,162,427,829,449,"2,660",15,0,57,2,231,89
Arsenal,2016/17,38,23,9,77,2.03,566,201,36%,4,55,16,"21,392",562.95,84%,697,22%,13,44,1.16,124,674,70%,162,535,839,466,"2,762",4,1,68,3,216,95
Arsenal,2015/16,38,20,7,65,1.71,571,211,37%,1,88,21,"21,249",559.18,84%,754,25%,18,36,0.95,118,709,73%,155,734,849,358,"2,785",5,3,40,4,202,86
Arsenal,2014/15,38,22,7,71,1.87,610,227,37%,6,66,13,"20,527",540.18,84%,866,20%,13,36,0.95,96,739,75%,171,762,"1,006",565,"3,242",8,1,68,2,189,64
Arsenal,2013/14,38,24,7,68,1.79,523,213,41%,3,62,15,"21,874",575.63,86%,753,22%,17,41,1.08,116,714,74%,131,541,"1,207",703,"2,777",10,2,53,4,141,74
Arsenal,2012/13,38,21,7,72,1.89,597,205,34%,5,70,16,"21,381",562.66,85%,951,19%,14,37,0.97,101,748,79%,174,636,873,261,"2,840",14,0,42,5,0,80
Arsenal,2011/12,38,21,10,74,1.95,637,236,37%,2,97,15,"20,613",542.45,85%,896,22%,13,49,1.29,6,751,74%,165,605,766,218,"2,336",13,5,64,4,0,88
Arsenal,2010/11,38,19,8,72,1.89,654,238,36%,4,99,23,"20,150",530.26,84%,928,19%,13,43,1.13,0,772,74%,153,709,"1,077",292,"2,636",7,1,65,6,0,93
Arsenal,2009/10,38,23,9,83,2.18,660,233,35%,3,0,15,"19,301",507.92,81%,"1,023",18%,14,41,1.08,5,818,75%,180,839,"1,091",326,"2,900",7,2,56,1,0,93
Arsenal,2008/09,38,20,6,68,1.79,662,220,33%,5,0,22,"19,008",500.21,83%,"1,069",21%,16,37,0.97,3,875,75%,169,872,"1,280",402,"2,709",6,3,58,3,0,88
Arsenal,2007/08,38,24,3,74,1.95,627,208,33%,5,0,13,"18,831",495.55,83%,888,24%,15,31,0.82,0,878,75%,154,505,"1,840",512,"2,527",7,2,55,3,0,110
Arsenal,2006/07,38,19,8,63,1.66,638,226,35%,10,0,19,"18,467",485.97,81%,873,21%,12,35,0.92,9,998,74%,126,214,"1,202",0,"2,414",0,1,59,3,0,111
Arsenal,2005/06,38,20,11,68,1.79,0,0,0%,0,0,0,0,0.00,0%,0,0%,16,31,0.82,0,0,0%,0,0,0,0,0,0,0,54,2,0,0
Arsenal,2004/05,38,25,5,87,2.29,0,0,0%,0,0,0,0,0.00,0%,0,0%,16,36,0.95,0,0,0%,0,0,0,0,0,0,1,45,1,0,0
Arsenal,2003/04,38,26,0,73,1.92,0,0,0%,0,0,0,0,0.00,0%,0,0%,15,26,0.68,0,0,0%,0,0,0,0,0,0,1,51,3,0,0
Arsenal,2002/03,38,23,6,85,2.24,0,0,0%,0,0,0,0,0.00,0%,0,0%,10,42,1.11,0,0,0%,0,0,0,0,0,0,4,55,3,0,0
Arsenal,2001/02,38,26,3,79,2.08,11,6,55%,1,0,0,314,8.26,75%,17,12%,14,36,0.95,2,26,77%,1,19,28,16,102,0,2,71,6,9,2
Arsenal,2000/01,38,20,8,63,1.66,0,0,0%,0,0,0,0,0.00,0%,0,0%,17,38,1.00,0,0,0%,0,0,0,0,0,0,2,46,3,0,0
Arsenal,1999/00,38,22,9,73,1.92,0,0,0%,0,0,0,0,0.00,0%,0,0%,10,43,1.13,0,0,0%,0,0,0,0,0,0,0,66,5,0,0
Arsenal,1998/99,38,22,4,59,1.55,0,0,0%,0,0,0,0,0.00,0%,0,0%,23,17,0.45,0,0,0%,0,0,0,0,0,0,0,62,7,0,0
Arsenal,1997/98,38,23,6,68,1.79,19,8,42%,0,2,0,348,9.16,62%,19,11%,19,33,0.87,4,25,60%,4,7,15,9,101,0,0,70,3,6,1
Arsenal,1996/97,38,19,8,62,1.63,0,0,0%,0,0,0,0,0.00,0%,0,0%,16,32,0.84,0,0,0%,0,0,0,0,0,0,3,81,5,0,0
Arsenal,1995/96,38,17,9,49,1.29,0,0,0%,0,0,0,0,0.00,0%,0,0%,16,32,0.84,0,0,0%,0,0,0,0,0,0,0,63,2,0,0
Arsenal,1994/95,42,13,17,52,1.24,0,0,0%,0,0,0,0,0.00,0%,0,0%,13,49,1.17,0,0,0%,0,0,0,0,0,0,2,59,4,0,0
Arsenal,1993/94,42,18,7,53,1.26,0,0,0%,0,0,0,0,0.00,0%,0,0%,21,28,0.67,0,0,0%,0,0,0,0,0,0,2,32,1,0,0
Arsenal,1992/93,42,15,16,40,0.95,0,0,0%,0,0,0,0,0.00,0%,0,0%,16,38,0.90,0,0,0%,0,0,0,0,0,0,1,34,1,0,0
Aston Villa,2023/24,25,15,6,52,2.08,370,141,38%,4,56,8,"12,186",487.44,86%,458,24%,6,33,1.32,72,360,59%,101,173,362,173,"1,371",3,3,68,1,182,27
Aston Villa,2022/23,38,18,13,51,1.34,431,151,35%,3,54,21,"15,940",419.47,81%,561,23%,12,46,1.21,109,632,53%,128,324,663,347,"2,314",8,4,80,1,246,58
Aston Villa,2021/22,38,13,19,52,1.37,464,162,35%,3,43,7,"14,886",391.74,80%,670,22%,11,54,1.42,98,634,60%,131,340,629,296,"2,549",3,2,79,3,252,52
Aston Villa,2020/21,38,16,15,55,1.45,520,186,36%,5,59,22,"15,189",399.71,79%,779,22%,15,46,1.21,142,530,53%,145,387,736,389,"2,916",5,2,63,4,211,71
Aston Villa,2019/20,39,9,21,41,1.05,457,150,33%,1,46,10,"13,835",354.74,77%,798,22%,7,67,1.72,116,523,56%,122,423,840,361,"2,829",11,1,68,1,226,62
Aston Villa,2015/16,38,3,27,27,0.71,380,110,29%,2,25,7,"15,308",402.84,78%,796,22%,6,76,2.00,116,731,77%,103,768,973,429,"2,956",15,4,75,3,230,42
Aston Villa,2014/15,38,10,20,31,0.82,418,125,30%,1,29,5,"16,527",434.92,79%,766,22%,10,57,1.50,112,623,75%,104,487,"1,130",661,"2,726",10,1,70,7,209,70
Aston Villa,2013/14,38,10,20,39,1.03,431,135,31%,2,36,11,"13,870",365.00,74%,749,22%,9,61,1.61,110,747,79%,110,460,"1,068",486,"2,762",8,4,78,0,163,84
Aston Villa,2012/13,38,10,17,47,1.24,438,141,32%,3,43,10,"14,272",375.58,78%,676,26%,5,69,1.82,11,741,74%,126,769,"1,520",372,"2,779",8,5,72,3,0,97
Aston Villa,2011/12,38,7,14,37,0.97,438,138,32%,3,51,9,"13,158",346.26,73%,834,25%,9,53,1.39,0,774,76%,106,740,"1,301",378,"2,375",8,2,70,2,0,85
Aston Villa,2010/11,38,12,14,48,1.26,506,165,33%,4,58,19,"14,611",384.50,74%,973,24%,7,59,1.55,0,844,70%,127,667,"1,116",323,"2,775",3,1,71,2,0,92
Aston Villa,2009/10,38,17,8,52,1.37,497,158,32%,5,0,5,"13,136",345.68,72%,"1,031",26%,15,39,1.03,3,880,77%,122,690,"1,531",461,"2,928",5,3,59,2,0,81
Aston Villa,2008/09,38,17,10,54,1.42,472,159,34%,4,0,15,"12,419",326.82,71%,"1,119",20%,13,48,1.26,0,982,75%,103,710,"1,764",586,"2,735",4,0,54,2,0,85
Aston Villa,2007/08,38,16,10,71,1.87,511,182,36%,6,0,11,"11,438",301.00,70%,932,26%,9,51,1.34,3,885,80%,106,461,"2,220",623,"2,612",7,3,54,4,0,115
Aston Villa,2006/07,38,11,10,43,1.13,470,154,33%,6,0,9,"13,254",348.79,70%,886,24%,13,41,1.08,1,936,78%,103,221,"1,212",0,"2,368",0,1,48,1,0,147
Aston Villa,2005/06,38,10,16,42,1.11,0,0,0%,0,0,0,0,0.00,0%,0,0%,11,55,1.45,0,0,0%,0,0,0,0,0,0,1,59,2,0,0
Aston Villa,2004/05,38,12,15,45,1.18,0,0,0%,0,0,0,0,0.00,0%,0,0%,11,52,1.37,0,0,0%,0,0,0,0,0,0,0,57,2,0,0
Aston Villa,2003/04,38,15,12,48,1.26,0,0,0%,0,0,0,0,0.00,0%,0,0%,12,44,1.16,0,0,0%,0,0,0,0,0,0,1,54,3,0,0
Aston Villa,2002/03,38,12,17,42,1.11,0,0,0%,0,0,0,0,0.00,0%,0,0%,9,47,1.24,0,0,0%,0,0,0,0,0,0,1,63,4,0,0
Aston Villa,2001/02,38,12,12,46,1.21,0,0,0%,0,0,0,0,0.00,0%,0,0%,9,47,1.24,0,0,0%,0,0,0,0,0,0,2,44,2,0,0
Aston Villa,2000/01,38,13,10,46,1.21,0,0,0%,0,0,0,0,0.00,0%,0,0%,9,43,1.13,0,0,0%,0,0,0,0,0,0,4,63,3,0,0
Aston Villa,1999/00,38,15,10,46,1.21,0,0,0%,0,0,0,0,0.00,0%,0,0%,16,35,0.92,0,0,0%,0,0,0,0,0,0,4,65,1,0,0
Aston Villa,1998/99,38,15,13,51,1.34,0,0,0%,0,0,0,0,0.00,0%,0,0%,15,46,1.21,0,0,0%,0,0,0,0,0,0,3,63,3,0,0
Aston Villa,1997/98,38,17,15,49,1.29,0,0,0%,0,0,0,0,0.00,0%,0,0%,9,48,1.26,0,0,0%,0,0,0,0,0,0,0,43,2,0,0
Aston Villa,1996/97,38,17,11,47,1.24,0,0,0%,0,0,0,0,0.00,0%,0,0%,19,34,0.89,0,0,0%,0,0,0,0,0,0,1,53,2,0,0
Aston Villa,1995/96,38,18,11,52,1.37,0,0,0%,0,0,0,0,0.00,0%,0,0%,13,35,0.92,0,0,0%,0,0,0,0,0,0,0,42,2,0,0
Aston Villa,1994/95,42,11,16,51,1.21,0,0,0%,0,0,0,0,0.00,0%,0,0%,11,56,1.33,0,0,0%,0,0,0,0,0,0,1,59,3,0,0
Aston Villa,1993/94,42,15,15,46,1.10,0,0,0%,0,0,0,0,0.00,0%,0,0%,13,50,1.19,0,0,0%,0,0,0,0,0,0,2,23,1,0,0
Aston Villa,1992/93,42,21,10,57,1.36,0,0,0%,0,0,0,0,0.00,0%,0,0%,15,40,0.95,0,0,0%,0,0,0,0,0,0,1,23,0,0,0
Tottenham Hotspur,2023/24,25,14,6,52,2.08,395,148,37%,1,54,13,"14,338",573.52,87%,452,19%,5,38,1.52,77,506,61%,114,233,479,245,"1,580",4,2,57,4,195,58
Tottenham Hotspur,2022/23,38,18,14,70,1.84,518,199,38%,5,64,17,"18,042",474.79,83%,719,26%,10,63,1.66,111,617,57%,146,340,725,391,"2,381",11,1,75,3,241,67
Tottenham Hotspur,2021/22,38,22,11,69,1.82,491,198,40%,5,84,13,"19,165",504.34,85%,632,24%,16,40,1.05,98,598,58%,133,355,758,431,"2,505",3,1,67,1,229,62
Tottenham Hotspur,2020/21,38,18,12,68,1.79,443,176,40%,5,62,24,"19,070",501.84,82%,526,22%,12,45,1.18,114,636,57%,105,342,746,409,"2,750",5,3,53,2,268,45
Tottenham Hotspur,2019/20,38,16,11,61,1.61,444,160,36%,3,48,7,"18,644",490.63,81%,641,17%,8,47,1.24,140,665,62%,126,381,841,433,"2,830",8,2,82,3,262,66
Tottenham Hotspur,2018/19,38,23,13,67,1.76,537,189,35%,4,64,13,"21,295",560.39,83%,643,26%,13,39,1.03,121,626,60%,142,326,770,411,"2,566",6,3,56,3,225,74
Tottenham Hotspur,2017/18,38,23,7,74,1.95,623,216,35%,2,76,13,"21,660",570.00,84%,825,20%,16,36,0.95,93,618,65%,182,380,825,422,"2,673",9,1,50,2,217,88
Tottenham Hotspur,2016/17,38,26,4,86,2.26,669,257,38%,7,53,22,"20,153",530.34,82%,761,20%,17,26,0.68,85,661,75%,183,314,"1,003",515,"2,699",7,1,62,0,238,74
Tottenham Hotspur,2015/16,38,19,6,69,1.82,659,252,38%,5,64,19,"18,649",490.76,80%,738,21%,13,35,0.92,89,805,77%,180,645,"1,046",502,"2,619",6,3,72,0,236,72
Tottenham Hotspur,2014/15,38,19,12,58,1.53,527,171,32%,3,51,11,"19,322",508.47,81%,742,20%,9,53,1.39,119,815,80%,153,674,"1,047",636,"2,809",11,2,79,4,218,77
Tottenham Hotspur,2013/14,38,21,11,55,1.45,588,192,33%,5,68,12,"17,957",472.55,82%,849,20%,14,51,1.34,106,750,79%,168,560,974,585,"2,671",21,3,66,4,138,64
Tottenham Hotspur,2012/13,38,21,8,66,1.74,681,241,35%,0,50,17,"16,661",438.45,83%,884,21%,9,46,1.21,3,745,76%,193,721,"1,595",468,"2,551",8,1,55,2,0,77
Tottenham Hotspur,2011/12,38,20,9,66,1.74,701,230,33%,4,71,12,"19,564",514.84,85%,846,25%,14,41,1.08,0,733,74%,193,716,"1,045",307,"2,286",4,1,43,3,0,93
Tottenham Hotspur,2010/11,38,16,8,55,1.45,657,191,29%,5,44,15,"16,791",441.87,80%,954,23%,8,46,1.21,0,754,73%,198,661,"1,363",413,"2,860",11,1,51,2,0,59
Tottenham Hotspur,2009/10,38,21,10,67,1.76,681,226,33%,2,0,13,"15,485",407.50,77%,912,25%,13,41,1.08,9,844,75%,182,804,"1,360",374,"3,072",3,0,58,1,0,117
Tottenham Hotspur,2008/09,38,14,15,45,1.18,544,177,33%,3,0,7,"15,723",413.76,78%,"1,005",21%,13,45,1.18,0,781,75%,146,743,"1,511",472,"2,588",14,2,54,5,0,85
Tottenham Hotspur,2007/08,38,11,14,66,1.74,555,195,35%,4,0,19,"15,466",407.00,77%,994,22%,9,61,1.61,0,960,75%,131,534,"2,043",582,"2,584",8,1,51,1,0,123
Tottenham Hotspur,2006/07,38,17,12,57,1.50,520,184,35%,6,0,6,"14,914",392.47,74%,796,24%,6,54,1.42,11,995,77%,105,276,"1,412",0,"2,455",0,2,48,3,0,149
Tottenham Hotspur,2005/06,38,18,9,53,1.39,0,0,0%,0,0,0,0,0.00,0%,0,0%,13,38,1.00,0,0,0%,0,0,0,0,0,0,0,49,5,0,0
Tottenham Hotspur,2004/05,38,14,14,47,1.24,0,0,0%,0,0,0,0,0.00,0%,0,0%,13,41,1.08,0,0,0%,0,0,0,0,0,0,0,53,1,0,0
Tottenham Hotspur,2003/04,38,13,19,47,1.24,0,0,0%,0,0,0,0,0.00,0%,0,0%,8,57,1.50,0,0,0%,0,0,0,0,0,0,3,64,1,0,0
Tottenham Hotspur,2002/03,38,14,16,51,1.34,0,0,0%,0,0,0,0,0.00,0%,0,0%,5,62,1.63,0,0,0%,0,0,0,0,0,0,2,56,6,0,0
Tottenham Hotspur,2001/02,38,14,16,49,1.29,0,0,0%,0,0,0,0,0.00,0%,0,0%,8,53,1.39,0,0,0%,0,0,0,0,0,0,0,59,5,0,0
Tottenham Hotspur,2000/01,38,13,15,47,1.24,0,0,0%,0,0,0,0,0.00,0%,0,0%,11,54,1.42,0,0,0%,0,0,0,0,0,0,1,48,3,0,0
Tottenham Hotspur,1999/00,38,15,15,57,1.50,0,0,0%,0,0,0,0,0.00,0%,0,0%,8,49,1.29,0,0,0%,0,0,0,0,0,0,2,85,1,0,0
Tottenham Hotspur,1998/99,38,11,13,47,1.24,0,0,0%,0,0,0,0,0.00,0%,0,0%,12,50,1.32,0,0,0%,0,0,0,0,0,0,0,64,4,0,0
Tottenham Hotspur,1997/98,38,11,16,44,1.16,0,0,0%,0,0,0,0,0.00,0%,0,0%,10,56,1.47,0,0,0%,0,0,0,0,0,0,2,56,2,0,0
Tottenham Hotspur,1996/97,38,13,18,44,1.16,0,0,0%,0,0,0,0,0.00,0%,0,0%,13,51,1.34,0,0,0%,0,0,0,0,0,0,1,63,1,0,0
Tottenham Hotspur,1995/96,38,16,9,50,1.32,0,0,0%,0,0,0,0,0.00,0%,0,0%,11,38,1.00,0,0,0%,0,0,0,0,0,0,0,51,0,0,0
Tottenham Hotspur,1994/95,42,16,12,66,1.57,0,0,0%,0,0,0,0,0.00,0%,0,0%,11,58,1.38,0,0,0%,0,0,0,0,0,0,1,45,3,0,0
Tottenham Hotspur,1993/94,42,11,19,54,1.29,0,0,0%,0,0,0,0,0.00,0%,0,0%,7,59,1.40,0,0,0%,0,0,0,0,0,0,0,26,1,0,0
Tottenham Hotspur,1992/93,42,16,15,60,1.43,0,0,0%,0,0,0,0,0.00,0%,0,0%,10,66,1.57,0,0,0%,0,0,0,0,0,0,3,39,1,0,0
Manchester United,2023/24,25,14,9,35,1.40,363,119,33%,2,40,6,"11,882",475.28,83%,450,21%,7,34,1.36,90,440,60%,118,194,541,273,"1,463",1,1,61,1,196,67
Manchester United,2022/23,38,23,9,58,1.53,593,215,36%,3,84,20,"19,086",502.26,82%,517,23%,17,43,1.13,101,658,61%,166,352,734,399,"2,206",4,1,78,2,237,80
Manchester United,2021/22,38,16,12,57,1.50,508,187,37%,3,66,13,"19,035",500.92,83%,659,23%,8,57,1.50,128,585,61%,144,340,673,375,"2,386",4,3,75,2,247,88
Manchester United,2020/21,38,21,6,73,1.92,526,213,40%,10,68,10,"20,996",552.53,85%,639,24%,13,44,1.16,100,551,56%,151,386,595,320,"2,465",6,2,64,1,256,76
Manchester United,2019/20,38,18,8,66,1.74,544,216,40%,10,55,15,"20,059",527.87,84%,635,20%,13,36,0.95,96,580,57%,128,379,627,327,"2,582",7,1,73,0,243,56
Manchester United,2018/19,39,19,10,65,1.67,526,225,43%,9,65,9,"19,202",492.36,82%,638,20%,7,54,1.38,122,581,60%,130,355,785,370,"2,683",8,3,73,4,221,90
Manchester United,2017/18,38,25,7,68,1.79,512,178,35%,1,60,16,"20,064",528.00,84%,753,20%,19,28,0.74,118,564,65%,168,481,853,436,"2,699",4,2,64,1,237,88
Manchester United,2016/17,38,18,5,54,1.42,591,210,36%,3,60,19,"20,247",532.82,84%,848,24%,17,29,0.76,85,690,71%,154,581,"1,110",571,"2,767",3,1,78,2,268,99
Manchester United,2015/16,38,19,10,49,1.29,430,144,33%,3,44,9,"20,070",528.16,82%,786,19%,18,35,0.92,90,760,76%,137,594,755,321,"2,482",2,2,65,1,261,75
Manchester United,2014/15,38,20,8,62,1.63,512,180,35%,3,54,11,"21,311",560.82,85%,908,22%,11,37,0.97,100,739,74%,144,679,"1,118",638,"2,689",3,1,64,5,241,87
Manchester United,2013/14,38,19,12,64,1.68,526,183,35%,5,53,16,"18,910",497.63,84%,"1,000",21%,13,43,1.13,103,676,75%,130,595,"1,382",856,"2,597",7,1,66,3,130,97
Manchester United,2012/13,38,28,5,86,2.26,561,213,38%,4,89,24,"19,709",518.66,86%,962,22%,13,43,1.13,7,731,77%,127,514,"1,319",473,"2,477",7,4,57,1,0,96
Manchester United,2011/12,38,28,5,89,2.34,646,243,38%,9,85,17,"20,193",531.39,85%,"1,018",22%,20,33,0.87,6,803,75%,176,574,"1,165",424,"2,151",6,2,51,1,0,89
Manchester United,2010/11,38,23,4,78,2.05,618,212,34%,3,71,15,"18,870",496.58,81%,"1,005",24%,15,37,0.97,0,693,76%,156,646,"1,053",311,"2,353",3,1,56,3,0,102
Manchester United,2009/10,38,27,7,86,2.26,695,221,32%,6,0,12,"19,339",508.92,80%,"1,156",25%,19,28,0.74,6,828,76%,180,602,983,280,"2,608",3,0,49,4,0,85
Manchester United,2008/09,38,28,4,68,1.79,715,230,32%,4,0,9,"19,444",511.68,83%,"1,039",23%,24,24,0.63,7,741,69%,218,640,"1,322",378,"2,403",6,1,61,5,0,99
Manchester United,2007/08,38,27,5,80,2.11,696,260,37%,6,0,16,"17,422",458.47,81%,936,25%,21,22,0.58,4,978,76%,149,446,"2,022",603,"2,578",2,0,51,2,0,100
Manchester United,2006/07,38,28,5,83,2.18,698,256,37%,5,0,21,"18,723",492.71,80%,918,25%,16,27,0.71,2,890,76%,146,254,"1,222",0,"2,303",0,1,60,1,0,80
Manchester United,2005/06,38,25,5,72,1.89,0,0,0%,0,0,0,0,0.00,0%,0,0%,18,34,0.89,0,0,0%,0,0,0,0,0,0,0,58,2,0,0
Manchester United,2004/05,38,22,5,58,1.53,0,0,0%,0,0,0,0,0.00,0%,0,0%,19,26,0.68,0,0,0%,0,0,0,0,0,0,2,46,5,0,0
Manchester United,2003/04,38,23,9,64,1.68,0,0,0%,0,0,0,0,0.00,0%,0,0%,14,35,0.92,0,0,0%,0,0,0,0,0,0,3,42,3,0,0
Manchester United,2002/03,38,25,5,74,1.95,0,0,0%,0,0,0,0,0.00,0%,0,0%,13,34,0.89,0,0,0%,0,0,0,0,0,0,1,46,1,0,0
Manchester United,2001/02,38,24,9,87,2.29,9,2,22%,0,0,0,516,13.58,79%,22,18%,13,45,1.18,3,25,60%,5,6,14,5,100,0,2,54,1,15,1
Manchester United,2000/01,38,24,6,79,2.08,0,0,0%,0,0,0,0,0.00,0%,0,0%,17,31,0.82,0,0,0%,0,0,0,0,0,0,1,44,3,0,0
Manchester United,1999/00,38,28,3,97,2.55,0,0,0%,0,0,0,0,0.00,0%,0,0%,12,45,1.18,0,0,0%,0,0,0,0,0,0,4,42,4,0,0
Manchester United,1998/99,38,22,3,80,2.11,0,0,0%,0,0,0,0,0.00,0%,0,0%,13,37,0.97,0,0,0%,0,0,0,0,0,0,0,59,3,0,0
Manchester United,1997/98,38,23,7,73,1.92,13,6,46%,0,1,0,526,13.84,75%,16,31%,20,26,0.68,5,23,70%,2,7,18,11,94,0,1,61,2,7,6
Manchester United,1996/97,38,21,5,76,2.00,0,0,0%,0,0,0,0,0.00,0%,0,0%,15,44,1.16,0,0,0%,0,0,0,0,0,0,1,57,1,0,0
Manchester United,1995/96,38,25,6,73,1.92,0,0,0%,0,0,0,0,0.00,0%,0,0%,18,35,0.92,0,0,0%,0,0,0,0,0,0,2,50,3,0,0
Manchester United,1994/95,42,26,6,77,1.83,0,0,0%,0,0,0,0,0.00,0%,0,0%,24,28,0.67,0,0,0%,0,0,0,0,0,0,1,60,3,0,0
Manchester United,1993/94,42,27,4,80,1.90,0,0,0%,0,0,0,0,0.00,0%,0,0%,17,38,0.90,0,0,0%,0,0,0,0,0,0,1,29,2,0,0
Manchester United,1992/93,42,24,6,67,1.60,2,2,100%,0,0,0,2,0.05,100%,0,0%,18,31,0.74,0,0,0%,0,0,0,0,0,0,0,30,0,0,0
Brighton and Hove Albion,2023/24,25,10,7,48,1.92,371,153,41%,5,52,8,"16,172",646.88,89%,415,27%,3,40,1.60,68,407,59%,103,198,367,177,"1,443",7,2,63,2,200,57
Brighton and Hove Albion,2022/23,38,18,12,72,1.89,613,232,38%,6,79,16,"21,280",560.00,86%,694,24%,12,53,1.39,85,616,55%,164,303,412,206,"2,258",4,6,59,0,250,70
Brighton and Hove Albion,2021/22,38,12,11,42,1.11,489,152,31%,4,49,12,"18,835",495.66,82%,728,26%,11,44,1.16,104,668,60%,140,358,684,358,"2,482",1,1,73,2,223,53
Brighton and Hove Albion,2020/21,38,9,15,40,1.05,487,143,29%,6,46,17,"18,185",478.55,81%,686,24%,12,46,1.21,82,628,53%,156,425,560,301,"2,404",3,2,46,6,228,52
Brighton and Hove Albion,2019/20,38,9,15,39,1.03,462,143,31%,1,48,8,"18,188",478.63,81%,689,22%,9,54,1.42,117,641,59%,129,419,704,361,"2,701",3,3,57,2,236,71
Brighton and Hove Albion,2018/19,38,9,20,35,0.92,371,108,29%,5,34,6,"14,109",371.29,75%,636,29%,7,60,1.58,111,681,58%,89,463,921,499,"2,914",5,0,60,4,235,90
Brighton and Hove Albion,2017/18,38,9,16,34,0.89,384,119,31%,5,39,8,"14,675",386.18,75%,680,21%,10,54,1.42,124,599,63%,99,449,"1,085",625,"2,784",4,5,54,2,215,98
Newcastle United,2023/24,25,11,10,53,2.12,350,134,38%,5,60,9,"12,336",493.44,84%,408,27%,7,41,1.64,92,433,60%,92,178,435,217,"1,575",5,0,58,0,188,38
Newcastle United,2022/23,38,19,5,68,1.79,571,197,35%,6,80,26,"16,052",422.42,80%,740,29%,14,33,0.87,97,607,59%,169,333,646,316,"2,469",3,2,62,2,217,71
Newcastle United,2021/22,38,13,15,44,1.16,449,149,33%,3,34,7,"12,503",329.03,75%,592,25%,8,62,1.63,107,659,58%,121,360,743,394,"2,736",5,2,79,2,190,71
Newcastle United,2020/21,38,12,17,46,1.21,397,142,36%,6,42,13,"13,116",345.16,76%,652,24%,7,62,1.63,133,512,52%,113,362,876,421,"2,565",4,3,61,3,207,60
Newcastle United,2019/20,38,11,16,38,1.00,399,133,33%,0,44,11,"13,066",343.84,75%,591,22%,11,58,1.53,140,603,59%,117,391,934,478,"2,911",14,2,66,3,209,75
Newcastle United,2018/19,38,12,17,42,1.11,446,142,32%,1,39,14,"13,490",355.00,73%,711,24%,11,48,1.26,95,714,61%,118,506,"1,120",564,"2,875",5,1,57,2,266,59
Newcastle United,2017/18,38,12,18,39,1.03,451,149,33%,0,48,12,"14,028",369.16,72%,616,22%,9,47,1.24,105,644,66%,124,441,"1,125",594,"3,104",5,3,52,2,245,63
Newcastle United,2015/16,38,9,19,44,1.16,397,151,38%,3,35,6,"15,118",397.84,77%,775,23%,8,65,1.71,115,793,77%,100,646,939,406,"2,565",6,2,60,5,214,59
Newcastle United,2014/15,38,10,19,40,1.05,468,143,31%,1,38,6,"15,019",395.24,77%,864,19%,8,63,1.66,98,824,77%,132,639,"1,020",569,"3,033",12,1,65,7,243,38
Newcastle United,2013/14,38,15,19,43,1.13,579,182,31%,2,48,14,"16,102",423.74,80%,787,21%,10,59,1.55,108,736,74%,148,601,"1,110",596,"3,008",4,1,53,6,134,78
Newcastle United,2012/13,38,11,19,45,1.18,533,174,33%,4,45,12,"14,604",384.32,80%,941,23%,6,68,1.79,6,732,73%,129,478,"1,584",431,"2,856",11,1,71,4,0,84
Newcastle United,2011/12,38,19,11,56,1.47,489,154,31%,2,35,19,"14,638",385.21,77%,730,23%,15,51,1.34,1,744,74%,134,621,987,252,"2,245",6,0,67,2,0,97
Newcastle United,2010/11,38,11,14,56,1.47,507,168,33%,5,68,10,"14,204",373.79,76%,"1,022",24%,9,57,1.50,3,666,75%,126,608,"1,025",278,"2,664",9,2,78,2,0,82
Newcastle United,2008/09,38,7,18,40,1.05,444,125,28%,4,0,12,"14,172",372.95,74%,895,21%,7,59,1.55,0,735,77%,132,591,"1,278",345,"2,455",4,2,57,8,0,73
Newcastle United,2007/08,38,11,17,45,1.18,481,153,32%,4,0,10,"13,947",367.03,73%,966,20%,8,65,1.71,7,876,76%,123,553,"1,823",479,"2,367",4,1,63,1,0,102
Newcastle United,2006/07,38,11,17,38,1.00,454,140,31%,5,0,11,"14,628",384.95,72%,793,21%,7,47,1.24,5,965,78%,106,361,"1,004",0,"2,415",0,2,65,1,0,102
Newcastle United,2005/06,38,17,14,47,1.24,0,0,0%,0,0,0,0,0.00,0%,0,0%,13,42,1.11,0,0,0%,0,0,0,0,0,0,2,65,6,0,0
Newcastle United,2004/05,38,10,14,47,1.24,0,0,0%,0,0,0,0,0.00,0%,0,0%,6,57,1.50,0,0,0%,0,0,0,0,0,0,2,58,5,0,0
Newcastle United,2003/04,38,13,8,52,1.37,0,0,0%,0,0,0,0,0.00,0%,0,0%,11,40,1.05,0,0,0%,0,0,0,0,0,0,2,45,3,0,0
Newcastle United,2002/03,38,21,11,63,1.66,0,0,0%,0,0,0,0,0.00,0%,0,0%,14,48,1.26,0,0,0%,0,0,0,0,0,0,2,46,3,0,0
Newcastle United,2001/02,38,21,9,74,1.95,1,1,100%,0,0,0,0,0.00,0%,0,0%,9,52,1.37,0,0,0%,0,0,0,0,0,0,1,51,2,0,0
Newcastle United,2000/01,38,14,15,44,1.16,0,0,0%,0,0,0,0,0.00,0%,0,0%,7,50,1.32,0,0,0%,0,0,0,0,0,0,0,50,5,0,0
Newcastle United,1999/00,38,14,14,63,1.66,0,0,0%,0,0,0,0,0.00,0%,0,0%,12,54,1.42,0,0,0%,0,0,0,0,0,0,0,49,3,0,0
Newcastle United,1998/99,38,11,14,48,1.26,0,0,0%,0,0,0,0,0.00,0%,0,0%,7,54,1.42,0,0,0%,0,0,0,0,0,0,1,50,4,0,0
Newcastle United,1997/98,38,11,16,35,0.92,0,0,0%,0,0,0,0,0.00,0%,0,0%,10,44,1.16,0,0,0%,0,0,0,0,0,0,2,60,3,0,0
Newcastle United,1996/97,38,19,8,73,1.92,0,0,0%,0,0,0,0,0.00,0%,0,0%,12,40,1.05,0,0,0%,0,0,0,0,0,0,0,58,2,0,0
Newcastle United,1995/96,38,24,8,66,1.74,0,0,0%,0,0,0,0,0.00,0%,0,0%,13,37,0.97,0,0,0%,0,0,0,0,0,0,1,44,1,0,0
Newcastle United,1994/95,42,20,10,67,1.60,0,0,0%,0,0,0,0,0.00,0%,0,0%,14,47,1.12,0,0,0%,0,0,0,0,0,0,0,42,4,0,0
Newcastle United,1993/94,42,23,11,82,1.95,0,0,0%,0,0,0,0,0.00,0%,0,0%,15,41,0.98,0,0,0%,0,0,0,0,0,0,0,22,1,0,0
West Ham United,2023/24,25,10,9,36,1.44,284,97,34%,3,36,7,"9,856",394.24,79%,428,23%,5,44,1.76,100,448,65%,79,238,578,274,"1,663",2,1,56,3,202,45
West Ham United,2022/23,38,11,20,42,1.11,474,145,31%,6,42,16,"14,638",385.21,78%,768,21%,9,55,1.45,117,608,55%,142,408,779,403,"2,416",5,1,44,0,195,62
West Ham United,2021/22,38,16,14,60,1.58,449,157,35%,4,52,10,"16,579",436.29,81%,802,20%,8,51,1.34,116,534,56%,128,374,755,409,"2,395",1,2,47,3,175,59
West Ham United,2020/21,38,19,11,62,1.63,468,165,35%,2,60,23,"15,152",398.74,78%,775,24%,11,47,1.24,109,514,54%,116,437,729,416,"2,661",3,5,48,3,221,74
West Ham United,2019/20,38,10,19,49,1.29,417,163,39%,4,54,10,"15,101",397.39,76%,737,24%,7,62,1.63,129,696,60%,94,421,752,380,"3,162",10,3,62,2,220,66
West Ham United,2018/19,38,15,16,52,1.37,441,157,36%,5,48,13,"16,358",430.47,79%,630,24%,7,55,1.45,148,723,54%,114,457,855,397,"2,781",5,2,59,1,182,72
West Ham United,2017/18,38,10,16,48,1.26,372,133,36%,2,35,14,"14,369",378.13,76%,732,20%,10,68,1.79,122,621,66%,95,482,"1,007",560,"2,990",9,1,73,2,197,97
West Ham United,2016/17,38,12,17,47,1.24,499,138,28%,3,34,14,"15,134",398.26,78%,752,25%,10,64,1.68,117,575,74%,146,611,"1,071",608,"2,872",12,0,78,5,217,74
West Ham United,2015/16,38,16,8,65,1.71,558,185,33%,4,49,19,"15,031",395.55,78%,805,27%,11,51,1.34,111,711,74%,138,668,"1,003",498,"2,878",14,2,58,5,200,82
West Ham United,2014/15,38,12,15,44,1.16,488,152,31%,1,43,13,"13,568",357.05,75%,968,22%,9,47,1.24,133,647,74%,141,505,"1,474",835,"3,036",6,2,64,2,220,91
West Ham United,2013/14,38,11,20,40,1.05,422,122,29%,2,39,11,"12,380",325.79,74%,951,26%,14,51,1.34,151,651,76%,96,404,"1,401",819,"2,875",6,1,62,5,130,76
West Ham United,2012/13,38,12,16,45,1.18,492,158,32%,4,39,9,"12,611",331.87,74%,"1,014",27%,11,53,1.39,19,728,75%,132,459,"1,520",431,"2,890",4,1,74,1,0,82
West Ham United,2010/11,38,7,19,43,1.13,572,174,30%,5,46,18,"13,367",351.76,76%,814,24%,5,70,1.84,0,783,75%,153,583,"1,353",386,"2,637",8,2,59,1,0,120
West Ham United,2009/10,38,8,19,47,1.24,549,191,35%,7,0,12,"14,630",385.00,76%,689,22%,8,66,1.74,6,830,74%,124,755,"1,623",442,"2,777",8,3,62,3,0,92
West Ham United,2008/09,38,14,15,42,1.11,515,167,32%,1,0,12,"15,356",404.11,79%,720,26%,10,45,1.18,17,896,76%,139,606,"1,601",418,"2,412",3,2,66,4,0,130
West Ham United,2007/08,38,13,15,42,1.11,500,154,31%,2,0,15,"13,773",362.45,74%,910,25%,8,50,1.32,1,848,75%,116,444,"1,952",531,"2,307",4,1,63,1,0,117
West Ham United,2006/07,38,12,21,35,0.92,461,134,29%,1,0,8,"13,189",347.08,71%,849,22%,9,59,1.55,6,860,79%,119,233,"1,232",0,"2,249",0,2,85,2,0,92
West Ham United,2005/06,38,16,15,52,1.37,0,0,0%,0,0,0,0,0.00,0%,0,0%,9,55,1.45,0,0,0%,0,0,0,0,0,0,0,50,2,0,0
West Ham United,2002/03,38,10,16,42,1.11,0,0,0%,0,0,0,0,0.00,0%,0,0%,9,59,1.55,0,0,0%,0,0,0,0,0,0,1,66,5,0,0
West Ham United,2001/02,38,15,15,48,1.26,0,0,0%,0,0,0,0,0.00,0%,0,0%,13,57,1.50,0,0,0%,0,0,0,0,0,0,2,66,3,0,0
West Ham United,2000/01,38,10,16,45,1.18,0,0,0%,0,0,0,0,0.00,0%,0,0%,8,50,1.32,0,0,0%,0,0,0,0,0,0,4,69,2,0,0
West Ham United,1999/00,38,15,13,52,1.37,0,0,0%,0,0,0,0,0.00,0%,0,0%,10,53,1.39,0,0,0%,0,0,0,0,0,0,1,70,8,0,0
West Ham United,1998/99,38,16,13,46,1.21,0,0,0%,0,0,0,0,0.00,0%,0,0%,16,53,1.39,0,0,0%,0,0,0,0,0,0,1,81,5,0,0
West Ham United,1997/98,38,16,14,56,1.47,0,0,0%,0,0,0,0,0.00,0%,0,0%,8,57,1.50,0,0,0%,0,0,0,0,0,0,2,60,5,0,0
West Ham United,1996/97,38,10,16,39,1.03,0,0,0%,0,0,0,0,0.00,0%,0,0%,10,48,1.26,0,0,0%,0,0,0,0,0,0,1,66,2,0,0
West Ham United,1995/96,38,14,15,43,1.13,0,0,0%,0,0,0,0,0.00,0%,0,0%,11,52,1.37,0,0,0%,0,0,0,0,0,0,1,36,4,0,0
West Ham United,1994/95,42,13,18,44,1.05,0,0,0%,0,0,0,0,0.00,0%,0,0%,13,48,1.14,0,0,0%,0,0,0,0,0,0,1,62,3,0,0
West Ham United,1993/94,42,13,16,47,1.12,0,0,0%,0,0,0,0,0.00,0%,0,0%,14,58,1.38,0,0,0%,0,0,0,0,0,0,2,24,1,0,0
Chelsea,2023/24,25,10,10,42,1.68,328,123,38%,7,55,10,"14,343",573.72,87%,382,19%,5,41,1.64,90,442,57%,87,195,478,238,"1,581",3,1,78,3,238,65
Chelsea,2022/23,38,11,16,38,1.00,484,159,33%,3,57,15,"21,149",556.55,86%,693,22%,10,47,1.24,116,740,60%,146,341,628,312,"2,574",7,3,77,3,227,74
Chelsea,2021/22,38,21,6,76,2.00,592,211,36%,8,73,17,"23,179",609.97,87%,745,21%,16,33,0.87,84,621,56%,176,347,616,298,"2,456",6,1,63,1,240,69
Chelsea,2020/21,38,19,9,58,1.53,556,210,38%,8,63,17,"24,070",633.42,87%,749,25%,18,36,0.95,73,612,56%,152,382,614,340,"2,479",8,1,50,3,237,79
Chelsea,2019/20,38,20,12,69,1.82,625,223,36%,7,75,14,"23,245",611.71,85%,862,25%,9,54,1.42,65,638,57%,178,459,586,296,"2,894",3,3,60,0,220,63
Chelsea,2018/19,38,21,8,63,1.66,607,198,33%,5,81,21,"25,070",659.74,88%,692,19%,16,39,1.03,85,618,59%,199,351,593,330,"2,548",3,0,49,0,169,83
Chelsea,2017/18,38,21,10,62,1.63,606,220,36%,3,60,11,"21,264",559.58,84%,755,21%,16,38,1.00,83,636,67%,173,423,768,419,"2,771",5,2,42,4,195,108
Chelsea,2016/17,38,30,5,85,2.24,580,204,35%,2,48,17,"20,125",529.61,84%,688,19%,16,33,0.87,69,652,71%,156,510,839,484,"2,682",5,1,72,0,198,64
Chelsea,2015/16,38,12,12,59,1.55,526,173,33%,4,47,4,"19,664",517.47,82%,732,19%,9,53,1.39,122,790,76%,157,518,790,328,"2,793",9,2,58,5,238,90
Chelsea,2014/15,38,26,3,73,1.92,564,210,37%,4,66,15,"20,268",533.37,83%,682,22%,17,32,0.84,90,759,81%,148,376,"1,027",611,"3,075",3,1,73,4,217,75
Chelsea,2013/14,38,25,6,71,1.87,692,229,33%,5,50,19,"18,281",481.08,83%,809,25%,18,27,0.71,96,733,77%,181,380,"1,141",740,"3,055",4,2,57,3,129,106
Chelsea,2012/13,38,22,7,75,1.97,626,212,34%,9,56,7,"18,452",485.58,83%,863,20%,14,39,1.03,15,710,76%,184,504,981,341,"2,469",3,2,51,3,0,80
Chelsea,2011/12,38,18,10,65,1.71,671,224,33%,4,50,20,"18,766",493.84,85%,972,24%,10,46,1.21,1,698,78%,158,637,881,241,"2,034",11,1,74,4,0,70
Chelsea,2010/11,38,21,9,69,1.82,745,244,33%,6,86,21,"19,236",506.21,84%,995,25%,15,33,0.87,0,769,74%,182,616,762,258,"2,551",6,1,59,1,0,113
Chelsea,2009/10,38,27,6,103,2.71,834,288,35%,11,0,13,"18,869",496.55,83%,"1,083",26%,18,32,0.84,1,772,73%,207,705,"1,055",293,"2,448",7,1,54,5,0,96
Chelsea,2008/09,38,25,5,68,1.79,797,248,31%,2,0,17,"19,940",524.74,84%,938,25%,22,24,0.63,7,773,75%,232,504,"1,069",281,"2,473",4,1,50,3,0,114
Chelsea,2007/08,38,25,3,65,1.71,605,199,33%,7,0,12,"17,252",454.00,81%,945,21%,21,26,0.68,8,917,76%,150,506,"1,687",465,"2,586",4,0,63,5,0,128
Chelsea,2006/07,38,24,3,64,1.68,636,216,34%,3,0,14,"16,769",441.29,80%,897,25%,22,24,0.63,5,982,78%,140,292,"1,206",0,"2,429",0,1,62,4,0,127
Chelsea,2005/06,38,29,5,72,1.89,0,0,0%,0,0,0,0,0.00,0%,0,0%,20,22,0.58,0,0,0%,0,0,0,0,0,0,0,63,5,0,0
Chelsea,2004/05,38,29,1,72,1.89,0,0,0%,0,0,0,0,0.00,0%,0,0%,25,15,0.39,0,0,0%,0,0,0,0,0,0,1,53,0,0,0
Chelsea,2003/04,38,24,7,67,1.76,0,0,0%,0,0,0,0,0.00,0%,0,0%,21,30,0.79,0,0,0%,0,0,0,0,0,0,1,45,3,0,0
Chelsea,2002/03,38,19,9,68,1.79,0,0,0%,0,0,0,0,0.00,0%,0,0%,13,38,1.00,0,0,0%,0,0,0,0,0,0,3,64,1,0,0
Chelsea,2001/02,38,17,8,66,1.74,0,0,0%,0,0,0,0,0.00,0%,0,0%,15,38,1.00,0,0,0%,0,0,0,0,0,0,0,69,3,0,0
Chelsea,2000/01,38,17,11,68,1.79,0,0,0%,0,0,0,0,0.00,0%,0,0%,10,45,1.18,0,0,0%,0,0,0,0,0,0,0,76,2,0,0
Chelsea,1999/00,38,18,9,53,1.39,0,0,0%,0,0,0,0,0.00,0%,0,0%,17,34,0.89,0,0,0%,0,0,0,0,0,0,0,59,4,0,0
Chelsea,1998/99,38,20,3,57,1.50,0,0,0%,0,0,0,0,0.00,0%,0,0%,15,30,0.79,0,0,0%,0,0,0,0,0,0,1,86,4,0,0
Chelsea,1997/98,38,20,15,71,1.87,0,0,0%,0,0,0,0,0.00,0%,0,0%,14,43,1.13,0,0,0%,0,0,0,0,0,0,1,66,3,0,0
Chelsea,1996/97,38,16,11,58,1.53,0,0,0%,0,0,0,0,0.00,0%,0,0%,9,55,1.45,0,0,0%,0,0,0,0,0,0,4,81,2,0,0
Chelsea,1995/96,38,12,12,46,1.21,0,0,0%,0,0,0,0,0.00,0%,0,0%,12,44,1.16,0,0,0%,0,0,0,0,0,0,2,67,3,0,0
Chelsea,1994/95,42,13,14,50,1.19,0,0,0%,0,0,0,0,0.00,0%,0,0%,13,55,1.31,0,0,0%,0,0,0,0,0,0,3,60,3,0,0
Chelsea,1993/94,42,13,17,49,1.17,0,0,0%,0,0,0,0,0.00,0%,0,0%,11,53,1.26,0,0,0%,0,0,0,0,0,0,1,29,2,0,0
Chelsea,1992/93,42,14,14,51,1.21,0,0,0%,0,0,0,0,0.00,0%,0,0%,11,54,1.29,0,0,0%,0,0,0,0,0,0,2,45,2,0,0
Wolverhampton Wanderers,2023/24,25,10,10,39,1.56,297,112,38%,3,39,10,"11,071",442.84,81%,397,25%,4,40,1.60,78,481,59%,79,208,537,271,"1,648",2,1,63,3,218,49
Wolverhampton Wanderers,2022/23,38,11,19,31,0.82,412,126,31%,3,28,6,"16,712",439.79,81%,661,24%,11,58,1.53,119,661,56%,115,279,780,420,"2,358",6,1,84,6,244,62
Wolverhampton Wanderers,2021/22,38,15,17,38,1.00,402,136,34%,1,41,12,"17,517",460.97,81%,587,23%,11,43,1.13,125,673,56%,108,389,771,390,"2,384",5,1,59,3,215,61
Wolverhampton Wanderers,2020/21,38,12,17,36,0.95,463,154,33%,4,28,16,"17,522",461.11,83%,775,22%,10,52,1.37,103,588,57%,130,432,675,389,"2,596",7,3,53,1,228,38
Wolverhampton Wanderers,2019/20,38,15,9,52,1.37,461,148,32%,4,57,10,"16,764",441.16,79%,718,25%,13,40,1.05,91,646,57%,136,437,652,358,"3,077",6,1,57,2,212,49
Wolverhampton Wanderers,2018/19,38,16,13,47,1.24,477,152,32%,4,65,14,"16,618",437.32,78%,622,25%,9,46,1.21,100,720,57%,118,501,824,464,"2,998",3,4,72,1,223,73
Wolverhampton Wanderers,2011/12,38,5,23,40,1.05,473,152,32%,3,33,10,"14,860",391.05,76%,999,26%,4,82,2.16,9,619,75%,128,598,"1,178",263,"1,990",10,2,64,4,0,82
Wolverhampton Wanderers,2010/11,38,11,20,46,1.21,459,139,30%,3,38,14,"14,823",390.08,72%,"1,104",21%,5,66,1.74,0,677,71%,132,520,"1,205",326,"2,407",7,2,62,2,0,93
Wolverhampton Wanderers,2009/10,38,9,18,32,0.84,436,119,27%,2,0,8,"13,037",343.08,68%,940,25%,8,56,1.47,7,705,78%,123,537,"1,618",428,"2,397",5,3,63,4,0,65
Wolverhampton Wanderers,2003/04,38,7,19,38,1.00,0,0,0%,0,0,0,0,0.00,0%,0,0%,7,77,2.03,0,0,0%,0,0,0,0,0,0,1,66,2,0,0
Fulham,2023/24,25,8,12,34,1.36,306,111,36%,2,32,9,"12,504",500.16,83%,461,23%,6,41,1.64,87,428,57%,81,285,476,229,"1,525",6,3,55,3,177,43
Fulham,2022/23,38,15,16,55,1.45,429,149,35%,5,40,15,"16,197",426.24,80%,769,26%,9,53,1.39,146,626,56%,116,340,714,377,"2,328",5,2,80,1,225,60
Fulham,2020/21,38,5,20,27,0.71,442,136,31%,3,35,12,"17,796",468.32,81%,710,23%,9,55,1.45,120,601,55%,118,437,751,381,"2,780",4,1,67,3,260,43
Fulham,2018/19,38,7,26,34,0.89,454,146,32%,2,48,13,"17,699",465.76,80%,611,23%,5,81,2.13,147,591,61%,116,433,971,443,"2,781",12,2,68,2,209,90
Fulham,2013/14,38,9,24,40,1.05,431,149,35%,2,48,11,"14,689",386.55,79%,708,21%,5,85,2.24,154,702,78%,97,499,"1,351",779,"2,665",9,5,58,1,122,86
Fulham,2012/13,38,11,17,50,1.32,460,160,35%,6,39,19,"16,957",446.24,82%,733,21%,8,60,1.58,5,680,79%,115,745,"1,274",367,"2,490",9,0,48,3,0,74
Fulham,2011/12,38,14,14,48,1.26,541,195,36%,3,46,24,"17,669",464.97,82%,649,22%,11,51,1.34,0,669,77%,150,644,"1,005",257,"2,060",7,2,54,0,0,85
Fulham,2010/11,38,11,11,49,1.29,547,172,31%,2,49,10,"16,345",430.13,76%,865,24%,14,43,1.13,0,799,74%,146,668,"1,513",467,"2,676",9,5,52,1,0,100
Fulham,2009/10,38,12,16,39,1.03,463,144,31%,4,0,7,"16,513",434.55,74%,727,25%,12,46,1.21,11,745,74%,136,752,"1,459",399,"2,522",1,5,46,1,0,92
Fulham,2008/09,38,14,13,39,1.03,511,149,29%,5,0,11,"16,149",424.97,76%,765,23%,15,34,0.89,9,812,73%,142,667,"1,632",488,"2,338",8,0,40,1,0,92
Fulham,2007/08,38,8,18,38,1.00,469,154,33%,2,0,7,"12,583",331.13,71%,849,22%,7,60,1.58,2,851,77%,102,466,"2,072",509,"2,182",4,2,55,6,0,91
Fulham,2006/07,38,8,15,38,1.00,451,142,31%,3,0,8,"11,820",311.05,65%,895,27%,7,60,1.58,12,901,75%,100,198,"1,386",0,"2,398",0,2,56,3,0,94
Fulham,2005/06,38,14,18,48,1.26,0,0,0%,0,0,0,0,0.00,0%,0,0%,10,58,1.53,0,0,0%,0,0,0,0,0,0,6,65,2,0,0
Fulham,2004/05,38,12,18,52,1.37,0,0,0%,0,0,0,0,0.00,0%,0,0%,8,60,1.58,0,0,0%,0,0,0,0,0,0,4,56,7,0,0
Fulham,2003/04,38,14,14,52,1.37,0,0,0%,0,0,0,0,0.00,0%,0,0%,15,46,1.21,0,0,0%,0,0,0,0,0,0,1,65,3,0,0
Fulham,2002/03,38,13,16,41,1.08,0,0,0%,0,0,0,0,0.00,0%,0,0%,11,50,1.32,0,0,0%,0,0,0,0,0,0,3,58,6,0,0
Fulham,2001/02,38,10,14,36,0.95,2,1,50%,0,0,0,0,0.00,0%,0,0%,15,44,1.16,0,0,0%,0,0,0,0,0,0,1,55,2,0,0
AFC Bournemouth,2023/24,24,7,10,33,1.38,321,111,35%,1,35,6,"9,107",379.46,77%,422,25%,5,46,1.92,85,452,58%,96,223,464,206,"1,638",5,1,47,2,222,39
AFC Bournemouth,2022/23,37,11,21,37,1.00,358,133,37%,0,35,5,"13,931",376.51,78%,512,27%,8,71,1.92,136,618,60%,96,353,971,527,"2,347",3,3,69,0,188,38
AFC Bournemouth,2019/20,38,9,22,40,1.05,389,122,31%,4,44,11,"14,694",386.68,75%,646,20%,5,65,1.71,131,507,59%,120,475,926,471,"2,811",6,0,74,3,178,67
AFC Bournemouth,2018/19,38,13,19,56,1.47,446,163,37%,7,77,12,"15,943",419.55,78%,613,27%,10,70,1.84,110,526,57%,108,371,"1,019",515,"2,676",11,3,60,1,170,57
AFC Bournemouth,2017/18,38,11,16,45,1.18,465,158,34%,3,36,10,"16,131",424.50,77%,707,23%,6,61,1.61,111,508,64%,133,367,"1,037",523,"2,681",11,1,55,1,161,52
AFC Bournemouth,2016/17,38,12,16,55,1.45,451,160,35%,7,42,19,"17,145",451.18,81%,629,19%,10,67,1.76,123,605,74%,118,462,"1,091",605,"2,586",7,5,52,3,178,53
AFC Bournemouth,2015/16,38,11,18,45,1.18,464,143,31%,3,30,8,"17,270",454.47,80%,749,22%,7,67,1.76,90,709,73%,142,640,951,474,"2,664",10,0,53,1,172,66
Brentford,2023/24,25,7,14,35,1.40,315,109,35%,3,51,5,"10,352",414.08,77%,440,29%,4,44,1.76,85,446,59%,83,243,587,293,"1,705",6,0,56,1,162,44
Brentford,2022/23,38,15,9,58,1.53,408,162,40%,7,66,10,"13,920",366.32,75%,661,26%,12,46,1.21,154,587,57%,85,341,770,411,"2,583",5,3,55,1,175,72
Brentford,2021/22,38,13,18,48,1.26,442,155,35%,6,50,12,"14,604",384.32,74%,640,24%,9,56,1.47,129,607,56%,126,393,809,413,"2,671",2,2,61,3,213,66
Crystal Palace,2023/24,25,6,12,28,1.12,290,104,36%,3,28,3,"9,797",391.88,79%,401,23%,5,44,1.76,63,499,58%,92,202,573,282,"1,732",3,1,45,1,223,34
Crystal Palace,2022/23,38,11,15,40,1.05,426,136,32%,1,39,10,"15,707",413.34,79%,591,23%,9,50,1.32,116,690,61%,138,359,788,398,"2,531",3,4,80,3,263,58
Crystal Palace,2021/22,38,11,12,50,1.32,412,147,36%,6,41,11,"17,309",455.50,80%,643,23%,12,46,1.21,101,636,59%,112,333,731,360,"2,722",1,2,67,1,242,63
Crystal Palace,2020/21,38,12,18,41,1.08,349,132,38%,3,33,10,"14,067",370.18,76%,533,26%,8,66,1.74,109,636,58%,99,397,727,341,"2,814",5,0,54,2,227,67
Crystal Palace,2019/20,38,11,17,31,0.82,376,120,32%,3,33,8,"14,688",386.53,76%,588,24%,10,50,1.32,126,686,57%,102,444,802,374,"3,157",7,2,62,3,233,53
Crystal Palace,2018/19,38,14,17,51,1.34,493,148,30%,10,40,16,"15,243",401.13,77%,577,24%,12,53,1.39,113,730,61%,139,446,940,467,"2,868",5,1,58,2,224,78
Crystal Palace,2017/18,38,11,16,45,1.18,476,151,32%,8,53,8,"14,372",378.21,75%,703,24%,9,55,1.45,122,685,65%,133,552,"1,022",517,"3,090",11,2,72,0,229,56
Crystal Palace,2016/17,38,12,21,50,1.32,439,138,31%,4,41,8,"13,543",356.39,73%,871,26%,7,63,1.66,107,698,72%,113,552,"1,022",537,"3,206",10,0,77,0,226,55
Crystal Palace,2015/16,38,11,18,39,1.03,469,153,33%,4,44,12,"13,785",362.76,74%,969,23%,8,51,1.34,122,649,77%,118,698,963,429,"2,799",9,4,60,2,239,81
Crystal Palace,2014/15,38,13,16,47,1.24,441,139,32%,5,34,14,"12,071",317.66,69%,834,21%,7,51,1.34,94,791,78%,132,600,"1,270",779,"3,350",12,0,63,4,250,77
Crystal Palace,2013/14,38,13,19,33,0.87,414,143,35%,5,29,9,"11,826",311.21,71%,706,22%,12,48,1.26,119,845,76%,91,695,"1,409",852,"3,237",2,2,58,2,123,71
Crystal Palace,2004/05,38,7,19,41,1.08,0,0,0%,0,0,0,0,0.00,0%,0,0%,10,62,1.63,0,0,0%,0,0,0,0,0,0,3,59,3,0,0
Crystal Palace,1997/98,38,8,21,37,0.97,0,0,0%,0,0,0,0,0.00,0%,0,0%,6,71,1.87,0,0,0%,0,0,0,0,0,0,1,72,3,0,0
Crystal Palace,1994/95,42,11,19,34,0.81,0,0,0%,0,0,0,0,0.00,0%,0,0%,15,49,1.17,0,0,0%,0,0,0,0,0,0,1,60,1,0,0
Crystal Palace,1992/93,42,11,15,48,1.14,0,0,0%,0,0,0,0,0.00,0%,0,0%,11,61,1.45,0,0,0%,0,0,0,0,0,0,1,28,3,0,0
Nottingham Forest,2023/24,25,6,13,32,1.28,280,90,32%,1,37,4,"9,280",371.20,78%,393,22%,4,44,1.76,70,497,57%,80,211,653,323,"1,751",6,0,54,3,194,52
Nottingham Forest,2022/23,37,9,18,38,1.03,368,118,32%,3,33,9,"12,091",326.78,72%,532,20%,8,68,1.84,115,660,59%,93,349,892,419,"2,433",5,0,84,0,228,67
Nottingham Forest,1998/99,38,7,22,35,0.92,0,0,0%,0,0,0,0,0.00,0%,0,0%,6,69,1.82,0,0,0%,0,0,0,0,0,0,0,85,6,0,0
Nottingham Forest,1996/97,38,6,16,31,0.82,0,0,0%,0,0,0,0,0.00,0%,0,0%,8,59,1.55,0,0,0%,0,0,0,0,0,0,1,67,0,0,0
Nottingham Forest,1995/96,38,15,10,50,1.32,0,0,0%,0,0,0,0,0.00,0%,0,0%,9,54,1.42,0,0,0%,0,0,0,0,0,0,1,45,2,0,0
Nottingham Forest,1994/95,42,22,9,72,1.71,0,0,0%,0,0,0,0,0.00,0%,0,0%,13,43,1.02,0,0,0%,0,0,0,0,0,0,1,62,1,0,0
Nottingham Forest,1992/93,42,10,22,41,0.98,0,0,0%,0,0,0,0,0.00,0%,0,0%,9,62,1.48,0,0,0%,0,0,0,0,0,0,1,28,1,0,0
Everton,2023/24,25,8,11,27,1.08,346,109,32%,0,49,14,"8,788",351.52,75%,512,24%,8,33,1.32,72,507,59%,83,259,533,249,"1,819",4,2,51,1,214,50
Everton,2022/23,38,8,18,35,0.92,429,152,35%,3,49,6,"14,152",372.42,77%,704,23%,9,57,1.50,128,708,60%,122,390,829,432,"2,558",7,0,79,2,198,64
Everton,2021/22,38,11,21,43,1.13,437,138,32%,6,33,8,"12,944",340.63,73%,653,25%,8,66,1.74,128,705,57%,147,365,775,379,"2,704",10,5,78,6,206,53
Everton,2020/21,38,17,13,47,1.24,400,148,37%,4,48,10,"17,132",450.84,81%,662,21%,12,48,1.26,114,640,60%,100,392,803,408,"2,732",6,1,59,2,219,65
Everton,2019/20,38,13,15,44,1.16,469,162,35%,1,59,13,"15,826",416.47,78%,804,24%,9,56,1.47,95,671,61%,131,408,731,393,"3,177",8,3,70,3,260,58
Everton,2018/19,38,15,14,54,1.42,498,169,34%,2,52,16,"16,494",434.05,77%,814,25%,14,46,1.21,94,700,63%,140,456,825,430,"3,211",7,2,55,4,250,69
Everton,2017/18,38,13,15,44,1.16,359,121,34%,5,41,7,"14,749",388.13,74%,629,25%,10,58,1.53,121,644,69%,86,514,"1,229",617,"2,806",8,1,51,3,280,82
Everton,2016/17,38,17,11,62,1.63,502,191,38%,3,51,11,"17,584",462.74,79%,767,22%,13,44,1.16,96,714,74%,131,461,"1,117",611,"2,844",4,1,72,2,264,82
Everton,2015/16,38,11,13,59,1.55,491,175,36%,4,62,18,"17,947",472.29,81%,782,21%,10,55,1.45,127,730,74%,146,511,994,440,"2,549",10,1,44,5,170,55
Everton,2014/15,38,12,15,48,1.26,483,166,34%,4,45,11,"18,809",494.97,82%,690,19%,10,50,1.32,80,657,80%,138,444,"1,280",737,"2,611",15,2,66,2,223,83
Everton,2013/14,38,21,8,61,1.61,561,196,35%,3,40,14,"18,319",482.08,84%,848,22%,15,39,1.03,117,744,77%,156,463,"1,103",672,"2,733",6,4,55,1,122,80
Everton,2012/13,38,16,7,55,1.45,633,207,33%,2,73,21,"15,844",416.95,79%,989,24%,11,40,1.05,8,720,75%,173,592,"1,172",348,"2,834",7,2,59,3,0,100
Everton,2011/12,38,15,12,50,1.32,520,164,32%,5,48,12,"15,069",396.55,77%,877,24%,12,40,1.05,2,624,78%,139,617,"1,130",289,"2,095",5,3,60,2,0,116
Everton,2010/11,38,13,10,51,1.34,580,181,31%,3,58,8,"14,371",378.18,76%,"1,019",26%,9,45,1.18,0,768,73%,173,470,"1,265",310,"2,657",6,2,55,5,0,78
Everton,2009/10,38,16,9,60,1.58,589,194,33%,5,0,12,"14,845",390.66,76%,"1,022",23%,11,49,1.29,9,768,74%,174,827,"1,601",416,"2,767",5,3,57,2,0,94
Everton,2008/09,38,17,9,55,1.45,496,169,34%,4,0,12,"15,070",396.58,75%,"1,022",24%,17,37,0.97,20,775,78%,109,660,"1,602",456,"2,442",4,2,49,1,0,99
Everton,2007/08,38,19,11,55,1.45,474,169,36%,1,0,4,"12,397",326.24,69%,877,23%,14,33,0.87,0,816,77%,113,496,"2,136",523,"2,310",4,1,40,3,0,73
Everton,2006/07,38,15,10,52,1.37,465,153,33%,8,0,9,"12,274",323.00,65%,867,22%,14,36,0.95,12,860,78%,101,303,"1,386",0,"2,384",0,3,65,2,0,81
Everton,2005/06,38,14,16,34,0.89,0,0,0%,0,0,0,0,0.00,0%,0,0%,13,49,1.29,0,0,0%,0,0,0,0,0,0,3,62,7,0,0
Everton,2004/05,38,18,13,45,1.18,0,0,0%,0,0,0,0,0.00,0%,0,0%,13,46,1.21,0,0,0%,0,0,0,0,0,0,0,54,4,0,0
Everton,2003/04,38,9,17,45,1.18,0,0,0%,0,0,0,0,0.00,0%,0,0%,10,57,1.50,0,0,0%,0,0,0,0,0,0,1,53,3,0,0
Everton,2002/03,38,17,13,48,1.26,0,0,0%,0,0,0,0,0.00,0%,0,0%,11,49,1.29,0,0,0%,0,0,0,0,0,0,4,55,7,0,0
Everton,2001/02,38,11,17,45,1.18,0,0,0%,0,0,0,0,0.00,0%,0,0%,11,57,1.50,0,0,0%,0,0,0,0,0,0,0,57,3,0,0
Everton,2000/01,38,11,18,45,1.18,14,6,43%,1,1,0,355,9.34,55%,13,62%,6,59,1.55,2,22,64%,3,9,26,10,137,0,4,78,4,9,2
Everton,1999/00,38,12,12,59,1.55,0,0,0%,0,0,0,0,0.00,0%,0,0%,11,49,1.29,0,0,0%,0,0,0,0,0,0,1,57,6,0,0
Everton,1998/99,38,11,17,42,1.11,0,0,0%,0,0,0,0,0.00,0%,0,0%,14,47,1.24,0,0,0%,0,0,0,0,0,0,1,91,5,0,0
Everton,1997/98,38,9,16,41,1.08,0,0,0%,0,0,0,0,0.00,0%,0,0%,10,56,1.47,0,0,0%,0,0,0,0,0,0,2,79,5,0,0
Everton,1996/97,38,10,16,44,1.16,0,0,0%,0,0,0,0,0.00,0%,0,0%,10,57,1.50,0,0,0%,0,0,0,0,0,0,3,60,2,0,0
Everton,1995/96,38,17,11,64,1.68,0,0,0%,0,0,0,0,0.00,0%,0,0%,15,44,1.16,0,0,0%,0,0,0,0,0,0,1,66,3,0,0
Everton,1994/95,42,11,14,44,1.05,0,0,0%,0,0,0,0,0.00,0%,0,0%,15,51,1.21,0,0,0%,0,0,0,0,0,0,1,69,6,0,0
Everton,1993/94,42,12,22,42,1.00,0,0,0%,0,0,0,0,0.00,0%,0,0%,11,63,1.50,0,0,0%,0,0,0,0,0,0,2,33,0,0,0
Everton,1992/93,42,15,19,53,1.26,0,0,0%,0,0,0,0,0.00,0%,0,0%,11,55,1.31,0,0,0%,0,0,0,0,0,0,0,29,3,0,0
Luton Town,2023/24,25,5,15,35,1.40,305,90,30%,4,31,9,"8,570",342.80,75%,555,23%,2,51,2.04,97,444,56%,105,233,590,289,"1,830",4,1,48,0,197,50
Burnley,2023/24,25,3,18,25,1.00,259,82,32%,1,25,4,"10,490",419.60,80%,345,22%,2,55,2.20,100,406,57%,65,183,548,270,"1,579",5,2,47,4,185,55
Burnley,2021/22,38,7,17,34,0.89,407,125,31%,1,43,15,"12,319",324.18,69%,747,22%,9,53,1.39,129,589,55%,103,411,832,417,"2,837",4,2,68,2,223,101
Burnley,2020/21,38,10,19,33,0.87,384,130,34%,3,40,10,"13,846",364.37,72%,772,20%,11,55,1.45,126,507,58%,88,416,772,392,"2,891",5,2,48,1,199,80
Burnley,2019/20,38,15,14,43,1.13,387,134,35%,3,53,8,"12,814",337.21,70%,743,25%,15,50,1.32,120,547,63%,91,387,833,429,"3,066",7,1,67,0,227,89
Burnley,2018/19,38,11,20,45,1.18,360,116,32%,2,49,12,"13,011",342.39,70%,693,24%,8,68,1.79,140,583,54%,89,365,"1,080",539,"3,209",5,4,75,1,172,106
Burnley,2017/18,38,14,12,36,0.95,378,128,34%,0,33,9,"13,572",357.16,71%,707,26%,12,39,1.03,122,533,67%,99,401,"1,184",640,"3,041",3,1,65,0,177,100
Burnley,2016/17,38,11,20,39,1.03,392,120,31%,6,23,5,"12,559",330.50,68%,649,27%,10,55,1.45,151,639,71%,107,537,"1,237",683,"3,006",2,2,65,2,241,101
Burnley,2014/15,38,7,19,28,0.74,430,125,29%,1,30,13,"13,632",358.74,70%,783,23%,10,53,1.39,128,615,73%,123,568,"1,458",999,"3,105",1,2,64,2,202,64
Burnley,2009/10,38,8,24,42,1.11,459,153,33%,6,0,14,"13,832",364.00,69%,825,20%,3,82,2.16,85,686,76%,102,661,"1,552",445,"2,541",9,2,57,2,0,66
Sheffield United,2023/24,25,3,18,22,0.88,225,74,33%,4,24,5,"8,106",324.24,72%,272,26%,1,65,2.60,108,499,57%,67,227,678,309,"1,669",7,4,72,4,208,46
Sheffield United,2020/21,38,7,29,20,0.53,323,99,31%,3,36,5,"14,647",385.45,77%,666,20%,5,63,1.66,147,634,56%,90,351,796,403,"2,639",4,3,73,3,255,73
Sheffield United,2019/20,38,14,12,39,1.03,353,114,32%,1,60,3,"14,922",392.68,74%,866,22%,13,39,1.03,102,611,62%,95,420,880,455,"3,168",8,0,61,3,201,78
Sheffield United,2006/07,38,10,20,32,0.84,483,147,30%,2,0,14,"11,123",292.71,62%,800,24%,9,55,1.45,3,917,77%,106,203,"1,217",0,"2,357",0,2,68,2,0,82
Sheffield United,1993/94,42,8,16,42,1.00,0,0,0%,0,0,0,0,0.00,0%,0,0%,12,60,1.43,0,0,0%,0,0,0,0,0,0,0,44,4,0,0
Sheffield United,1992/93,42,14,18,54,1.29,0,0,0%,0,0,0,0,0.00,0%,0,0%,11,53,1.26,0,0,0%,0,0,0,0,0,0,2,58,3,0,0